{
	"frames": {
		"me_25.png": {
			"frame": {
				"x": 259,
				"y": 1,
				"w": 256,
				"h": 256
			},
			"rotated": false,
			"trimmed": false,
			"spriteSourceSize": {
				"x": 0,
				"y": 0,
				"w": 256,
				"h": 256
			},
			"sourceSize": {
				"w": 256,
				"h": 256
			}
		},
		"me_50.png": {
			"frame": {
				"x": 517,
				"y": 1,
				"w": 256,
				"h": 256
			},
			"rotated": false,
			"trimmed": false,
			"spriteSourceSize": {
				"x": 0,
				"y": 0,
				"w": 256,
				"h": 256
			},
			"sourceSize": {
				"w": 256,
				"h": 256
			}
		},
		"me_75.png": {
			"frame": {
				"x": 775,
				"y": 1,
				"w": 256,
				"h": 256
			},
			"rotated": false,
			"trimmed": false,
			"spriteSourceSize": {
				"x": 0,
				"y": 0,
				"w": 256,
				"h": 256
			},
			"sourceSize": {
				"w": 256,
				"h": 256
			}
		},
		"me_100.png": {
			"frame": {
				"x": 1,
				"y": 1,
				"w": 256,
				"h": 256
			},
			"rotated": false,
			"trimmed": false,
			"spriteSourceSize": {
				"x": 0,
				"y": 0,
				"w": 256,
				"h": 256
			},
			"sourceSize": {
				"w": 256,
				"h": 256
			}
		}
	},
	"meta": {
		"app": "http://www.codeandweb.com/texturepacker",
		"version": "1.0",
		"image": "me_pixeling_spritesheet.png",
		"format": "RGBA8888",
		"size": {
			"w": 1032,
			"h": 258
		},
		"scale": "1"
	}
}