{
	"frames": {
		"bike1.png": {
			"frame": {
				"x": 1,
				"y": 1,
				"w": 247,
				"h": 124
			},
			"rotated": false,
			"trimmed": false,
			"spriteSourceSize": {
				"x": 0,
				"y": 0,
				"w": 247,
				"h": 124
			},
			"sourceSize": {
				"w": 247,
				"h": 124
			}
		},
		"bike2.png": {
			"frame": {
				"x": 250,
				"y": 1,
				"w": 247,
				"h": 125
			},
			"rotated": false,
			"trimmed": false,
			"spriteSourceSize": {
				"x": 0,
				"y": 0,
				"w": 247,
				"h": 125
			},
			"sourceSize": {
				"w": 247,
				"h": 125
			}
		}
	},
	"meta": {
		"app": "http://www.codeandweb.com/texturepacker",
		"version": "1.0",
		"image": "spritesheet.png",
		"format": "RGBA8888",
		"size": {
			"w": 498,
			"h": 127
		},
		"scale": "1"
	}
}