{
	"frames": {
		"Roshi_Attack.png": {
			"frame": {
				"x": 1,
				"y": 1,
				"w": 192,
				"h": 48
			},
			"rotated": false,
			"trimmed": false,
			"spriteSourceSize": {
				"x": 0,
				"y": 0,
				"w": 192,
				"h": 48
			},
			"sourceSize": {
				"w": 192,
				"h": 48
			}
		}
	},
	"meta": {
		"app": "http://www.codeandweb.com/texturepacker",
		"version": "1.0",
		"image": "Roshi_attack_spritesheet.png",
		"format": "RGBA8888",
		"size": {
			"w": 194,
			"h": 50
		},
		"scale": "1"
	}
}